id,name,region,coatOfArms,words 
5e5aef1f8201264f9db85f84,House Algood,The Westerlands,A golden wreath on a blue field with a gold border(Azure a garland of laurel within a bordure or),
5e5aef1f8201264f9db85f85,House Allyrion of Godsgrace,Dorne,Gyronny Gules and Sable a hand couped Or,No Foe May Pass
5e5aef1f8201264f9db85f86,House Amber,The North,,
5e5aef1f8201264f9db85f87,House Ambrose,The Reach,Or semy of ants gules,Never Resting
5e5aef1f8201264f9db85f88,House Appleton of Appleton,The Reach,Or an apple tree eradicated proper fructed gules quartered with argent a gatehouse cendrée,
5e5aef1f8201264f9db85f89,House Arryn of Gulltown,The Vale,,
5e5aef1f8201264f9db85f8a,House Arryn of the Eyrie,The Vale,A sky-blue falcon soaring against a white moon on a sky-blue field(Bleu celeste upon a plate a falcon volant of the field),As High as Honor
5e5aef1f8201264f9db85f8b,House Ashford of Ashford,The Reach,Tenny a sun in splendour beneath a chevron inverted argent,Our Sun Shines Bright
5e5aef1f8201264f9db85f8c,House Ashwood,The North,,
5e5aef1f8201264f9db85f8d,House Baelish of Harrenhal,The Riverlands,A field of silver mockingbirds on a green field(Vert semé of mockingbirds argent),
5e5aef1f8201264f9db85f8e,House Baelish of the Fingers,The Vale,A grey stone head with fiery eyes on a light green field(Vert a stone head cendrée orbed gules),
5e5aef1f8201264f9db85f8f,House Ball,The Reach,Three white plates upon a chevron red on a white field,
5e5aef1f8201264f9db85f90,House Banefort of Banefort,The Westerlands,A black hooded man on a grey field within a fiery tressure(Cendrée a hooded man sable within a tressure rayonné along the outer edge gules),
5e5aef1f8201264f9db85f91,House Bar Emmon of Sharp Point,The Crownlands,Fretty argent and white a swordfish embowed haurient azure,
5e5aef1f8201264f9db85f92,House Baratheon of Dragonstone,The Crownlands,Or a heart gules enflamed proper charged with a stag's head sable crowned of the field,
5e5aef1f8201264f9db85f93,House Baratheon of King's Landing,The Crownlands,A black crowned stag and a gold lion combatant on a per pale gold and crimson field(Per pale or and gules a stag crowned sable and a lion of the first combatant),
5e5aef1f8201264f9db85f94,House Baratheon of Storm's End,The Stormlands,A black crowned stag on a gold field(Or a stag salient crowned sable),Ours is the Fury
5e5aef1f8201264f9db85f95,House Beesbury of Honeyholt,The Reach,Paly or and sable on a pale of the last three beehives of the first,Beware our Sting
5e5aef1f8201264f9db85f96,House Belmore of Strongsong,The Vale,Six silver bells 3 2 1 on a purple field(Purpure six bells 3 2 1 argent),
5e5aef1f8201264f9db85f97,House Bettley,The Westerlands,Three blue beetles on a gold field(Or three beetles azure),
5e5aef1f8201264f9db85f98,House Bigglestone,The Riverlands,,
5e5aef1f8201264f9db85f99,House Blackbar of Bandallon,The Reach,Argent a fess sable,
5e5aef1f8201264f9db85f9a,House Blackmont of Blackmont,Dorne,A black vulture with a pink infant in its claws on yellow,
5e5aef1f8201264f9db85f9b,House Blackmyre,The Neck,,
5e5aef1f8201264f9db85f9c,House Blacktyde of Blacktyde,Iron Islands,Vairy vert and sable,
5e5aef1f8201264f9db85f9d,House Blackwood of Raventree Hall,The Riverlands,A flock of ravens surrounding a black shield charged with a dead weirwood on a scarlet field(Gules on an escutcheon sable a dead weirwood tree proper all within an orle of ravens volant sable),
5e5aef1f8201264f9db85f9e,House Blanetree,The Riverlands,Green and brown maple leaves strewn across a yellow field(Or semé of maple leaves vert and tenné),
5e5aef1f8201264f9db85f9f,House Blount,The Crownlands,A red bend sinister between two black porcupines on a green field(Vert a bend sinister gules between two porcupines sable),
5e5aef1f8201264f9db85fa0,House Boggs,The North,,
5e5aef1f8201264f9db85fa1,House Boggs of Crackclaw Point,The Crownlands,,
5e5aef1f8201264f9db85fa2,House Bole,The North,,
5e5aef1f8201264f9db85fa3,House Bolling,The Stormlands,Vairy orange and blue upon a black canton a golden stag beneath an orange bend sinister(Vairy tenné and azure on a canton sable a stag or debruised by a bend sinister of the first),
5e5aef1f8201264f9db85fa4,House Bolton of the Dreadfort,The North,A red flayed man on pink de sang,Our Blades are Sharp
5e5aef1f8201264f9db85fa5,House Borrell of Sweetsister,The Vale,A white spider crab on a grey-green field(Vert-cendrée a spider crab argent),
5e5aef1f8201264f9db85fa6,House Botley of Lordsport,Iron Islands,Vert semy of fishes argent,
5e5aef1f8201264f9db85fa7,House Bracken of Stone Hedge,The Riverlands,A red stallion upon a gold shield on a brown field(Tenné on an escutcheon or a stallion rampant gules),
5e5aef1f8201264f9db85fa8,House Branch,The North,,
5e5aef1f8201264f9db85fa9,House Branfield,The North,,
5e5aef1f8201264f9db85faa,House Brax of Hornvale,The Westerlands,A purple unicorn on a silver field(Argent a unicorn rampant purpure),
5e5aef1f8201264f9db85fab,House Breakstone,The Vale,A red sledge,
5e5aef1f8201264f9db85fac,House Briar,Dorne,,
5e5aef1f8201264f9db85fad,House Bridges,The Reach,A black stone bridge with three arches upon a golden chief above three blue pallets on white,
5e5aef1f8201264f9db85fae,House Brightstone,The Vale,,
5e5aef1f8201264f9db85faf,House Brook,Dorne,,
5e5aef1f8201264f9db85fb0,House Broom,The Westerlands,A silver helm crested with a sprig of broom on a checkered black and green field(Chequy sable and vert a helm argent crested with a sprig of broom proper),
5e5aef1f8201264f9db85fb1,House Brownhill,Dorne,,
5e5aef1f8201264f9db85fb2,House Brune of Brownhollow,The Crownlands,Argent a bear's paw erased within a double tressure tenné,
5e5aef1f8201264f9db85fb3,House Brune of the Dyre Den,The Crownlands,,
5e5aef1f8201264f9db85fb4,House Buckler of Bronzegate,The Stormlands,Three brass buckles on a blue field(Azure three buckles or),
5e5aef1f8201264f9db85fb5,House Buckwell of the Antlers,The Crownlands,A rack of golden antlers on a field of vair(Vair a stag's attire or),Pride and Purpose
5e5aef1f8201264f9db85fb6,House Bulwer of Blackcrown,The Reach,Sanguine a bull`s skull argent,Death Before Disgrace
5e5aef1f8201264f9db85fb7,House Burley,The North,White upon a pile azure a knife white,
5e5aef1f8201264f9db85fb8,House Bushy,The Reach,A green fess embattled on white,
5e5aef1f8201264f9db85fb9,House Butterwell,The Riverlands,Barry wavy green white and yellow(Barry wavy vert argent and or),
5e5aef1f8201264f9db85fba,House Byrch,The Crownlands,Gryonny white and black quartered with a silver axe on a green field(Quarterly first and fourth gyronny argent and sable second and third vert an axe palewise argent),
5e5aef1f8201264f9db85fbb,House Bywater,The Crownlands,Blue frets on a white field three silver fish on a blue chief(Argent fretty azure on a chief of the second three fish of the field),
5e5aef1f8201264f9db85fbc,House Cafferen of Fawnton,The Stormlands,Two white fawns counter salient on a green field(Vert two fawns counter-salient argent),
5e5aef1f8201264f9db85fbd,House Cargyll,The Crownlands,Bendy sinister sable and gules a goose Or,
5e5aef1f8201264f9db85fbe,House Caron of Nightsong,The Stormlands,A field of black nightingales on yellow(Or semé of nightingales sable),No Song so Sweet
5e5aef1f8201264f9db85fbf,House Cassel,The North,Ten white wolf heads 4-3-2-1 on grey with a black border,
5e5aef1f8201264f9db85fc0,House Casterly of Casterly Rock,The Westerlands,,
5e5aef1f8201264f9db85fc1,House Caswell of Bitterbridge,The Reach,Argent a centaur with bow or,
5e5aef1f8201264f9db85fc2,House Cave,The Crownlands,,
5e5aef1f8201264f9db85fc3,House Celtigar of Claw Isle,The Crownlands,Argent semy of crabs gules,
5e5aef1f8201264f9db85fc4,House Cerwyn of Cerwyn,The North,Argent a battle-axe paleways sable,Honed and Ready
5e5aef1f8201264f9db85fc5,House Chambers,The Riverlands,,
5e5aef1f8201264f9db85fc6,House Charlton,The Riverlands,Three sprigs of mistletoe green and red on a gold field within a green border(Or three sprigs of mistletoe vert fructed gules within a bordure of the second),
5e5aef1f8201264f9db85fc7,House Chelsted,The Crownlands,Per bend green and white shield a spiked mace and a silver dagger crossed(Per bend vert and argent in pale a mace surmounted by a dagger in fesse of the second),
5e5aef1f8201264f9db85fc8,House Chester of Greenshield,The Reach,A green hand on a gold escutcheon on a green field a border of red rayonne,
5e5aef1f8201264f9db85fc9,House Chyttering,The Crownlands,Three golden enhanced bendlets on a white shield(Argent three bendlets enhanced or),
5e5aef1f8201264f9db85fca,House Clegane,The Westerlands,Three dogs on a yellow field(Or three dogs courant in pale sable),
5e5aef1f8201264f9db85fcb,House Clifton,The Westerlands,,
5e5aef1f8201264f9db85fcc,House Cockshaw,The Reach,Sable three feathers in fess gules argent and or,
5e5aef1f8201264f9db85fcd,House Codd,Iron Islands,,Though All Men Do Despise Us
5e5aef1f8201264f9db85fce,House Coldwater of Coldwater Burn,The Vale,A blue pall with white borders on a red field(Gules a pall azure fimbriated argent),
5e5aef1f8201264f9db85fcf,House Cole,The Stormlands,Ten black pellets on a scarlet field(Gules ten pellets 4 3 2 1),
5e5aef1f8201264f9db85fd0,House Condon,The North,An eagle's head between crossed tridents red on white,
5e5aef1f8201264f9db85fd1,House Conklyn,The Reach,,
5e5aef1f8201264f9db85fd2,House Connington of Griffin's Roost,The Stormlands,Two combatant griffins counterchanged on a red and white field(Per pale gules and argent two griffins combatant counterchanged),
5e5aef1f8201264f9db85fd3,House Cordwayner of Hammerhal,The Reach,Lozengny vert and or a pair of boots sable,
5e5aef1f8201264f9db85fd4,House Costayne of Three Towers,The Reach,Quarterly; sable a chalice argent; or a rose sable,
5e5aef1f8201264f9db85fd5,House Crabb,The Crownlands,,
5e5aef1f8201264f9db85fd6,House Crakehall of Crakehall,The Westerlands,A brindled boar on a brown field(Tenné a boar brindled sable and argent),None so Fierce
5e5aef1f8201264f9db85fd7,House Crane of Red Lake,The Reach,Azure cranes in chevron or,
5e5aef1f8201264f9db85fd8,House Cray,The Neck,,
5e5aef1f8201264f9db85fd9,House Cressey,The Crownlands,Seven silver coins on a red bend sinister between two silver helmets on a blue field(Azure on a bend sinister gules seven plates between two helmets argent),
5e5aef1f8201264f9db85fda,House Crowl of Deepdown,The North,Pily gules and sable,
5e5aef1f8201264f9db85fdb,House Cuy of Sunhouse,The Reach,Six yellow flowers on blue,
5e5aef1f8201264f9db85fdc,House Dalt of Lemonwood,Dorne,Purpure semy of lemons Or,
5e5aef1f8201264f9db85fdd,House Dargood,The Crownlands,,
5e5aef1f8201264f9db85fde,House Darke,The Crownlands,,
5e5aef1f8201264f9db85fdf,House Darklyn of Duskendale,The Crownlands,Fusily sable and or upon a pale in dexter gules seven escutcheons argent,
5e5aef1f8201264f9db85fe0,House Darkwood,The Crownlands,,
5e5aef1f8201264f9db85fe1,House Darry of Darry,The Riverlands,A black plowman on a brown field(Tenné a plowman sable),
5e5aef1f8201264f9db85fe2,House Dayne of High Hermitage,Dorne,,
5e5aef1f8201264f9db85fe3,House Dayne of Starfall,Dorne,A white sword and falling star crossed on lilac (Purpure a blazing star bendways surmounted by a sword bendways sinister argent),
5e5aef1f8201264f9db85fe4,House Deddings,The Riverlands,,
5e5aef1f8201264f9db85fe5,House Doggett,The Westerlands,Per bend a white unicorn on a green field a black raven on a white field(Per bend vert and argent in sinister chief a unicorn rampant of the second and in dexter base a raven closed sable),
5e5aef1f8201264f9db85fe6,House Dondarrion of Blackhaven,The Stormlands,A forked purple lightning bolt on black field speckled with four-pointed stars(Sable semé of mullets of four points argent a lightning bolt forked purpure),
5e5aef1f8201264f9db85fe7,House Donniger,The Vale,A red sun rising from a grey-green sea against a yellow sky(Per fesse wavy or and vert-cendrée a demi-sun-in-splendour issuant from the line of division gules),
5e5aef1f8201264f9db85fe8,House Drinkwater,Dorne,,
5e5aef1f8201264f9db85fe9,House Drox,The Westerlands,Three black crossbows on a gold field with a black border(Or three crossbows within a bordure sable),
5e5aef1f8201264f9db85fea,House Drumm of Old Wyk,Iron Islands,Gules a bone hand argent,
5e5aef1f8201264f9db85feb,House Dryland,Dorne,,
5e5aef1f8201264f9db85fec,House Dunn,The Reach,per pale black and pink a countercharged two-headed pelican,
5e5aef1f8201264f9db85fed,House Durrandon,The Stormlands,A black crowned stag on a gold field(Or a stag salient crowned sable),Ours is the Fury
5e5aef1f8201264f9db85fee,House Durwell,The Reach,,
5e5aef1f8201264f9db85fef,House Dustin of Barrowton,The North,Two rusted longaxes with black shafts crossed a black crown between their points on yellow,
5e5aef1f8201264f9db85ff0,House Edgerton,The Crownlands,Purpure a wheel flaming tenny quartered with half-fusilly sable and argent,
5e5aef1f8201264f9db85ff1,House Egen,The Vale,A yellow sun white crescent moon and silver star on a blue chief above a white field(Argent on a chief azure a moon increscent of the first between a sun-in-splendour or and a mullet of the first),By Day or Night
5e5aef1f8201264f9db85ff2,House Elesham of the Paps,The Vale,A black star between an inverted stone-coloured double-pile on a pink field(Carnation a mullet sable between two piles issuant from base cendrée),
5e5aef1f8201264f9db85ff3,House Erenford,The Riverlands,A golden heron beak and legs black standing with a silver fish in its beak on a pink field(Carnation a heron or beaked and membered sable clasped in its mouth a fish argent),
5e5aef1f8201264f9db85ff4,House Errol of Haystack Hall,The Stormlands,A yellow haystack on an orange field(Tenné a haystack or),
5e5aef1f8201264f9db85ff5,House Estermont of Greenstone,The Stormlands,A dark-green sea-turtle on a pale-green field(Vert a sea-turtle tergiant of the field),
5e5aef1f8201264f9db85ff6,House Estren of Wyndhall,The Westerlands,A green saltire between four red double-headed eagles on a white field(Argent a saltire vert between four double-headed eagles displayed gules),
5e5aef1f8201264f9db85ff7,House Falwell,The Westerlands,A fool in red and gold motley juggling five suns on a black field(Sable a fool proper clothed in motley gules and or juggling five suns-in-splendour of the last),
5e5aef1f8201264f9db85ff8,House Farman of Faircastle,The Westerlands,Three silver ships on a blue field with a border of crimson and gold(Azure three galleys argent within a bordure compony gules and or),
5e5aef1f8201264f9db85ff9,House Farring,The Crownlands,Per pale purpure and argent two knights combatant crossing swords counterchanged,
5e5aef1f8201264f9db85ffa,House Farwynd of Sealskin Point,Iron Islands,,
5e5aef1f8201264f9db85ffb,House Farwynd of the Lonely Light,Iron Islands,Per fess wavy tenny and sable a demi-torteaux gules issuant from the division surmounted by a longship sailing upon the division of the second,
5e5aef1f8201264f9db85ffc,House Fell of Felwood,The Stormlands,Per fess a white crescent moon on a black field above a green field a sprucetree line between(Per fess sapinagé vert and sable in dexter chief a moon increscent argent),
5e5aef1f8201264f9db85ffd,House Fenn,The Neck,Purpure three water lilies sable,
5e5aef1f8201264f9db85ffe,House Ferren,The Westerlands,Per saltire checkered red and gold a silver and black ferret on a green field(Per saltire chequy gules and or and vert in each flank point a ferret argent and sable),
5e5aef1f8201264f9db85fff,House Fisher,The Riverlands,A crowned catfish spotted grey on a blue field(Azure a catfish cendrée crowned or),
5e5aef1f8201264f9db86000,House Fisher of the Stony Shore,The North,,
5e5aef1f8201264f9db86001,House Flint  of the mountains,The North,,
5e5aef1f8201264f9db86002,House Flint of Breakstone Hill,The North,,
5e5aef1f8201264f9db86003,House Flint of Flint's Finger,The North,Paly sable and cendrée on a pall inverted argent a hand couped of the second,
5e5aef1f8201264f9db86004,House Flint of Widow's Watch,The North,Azure semy of whitecaps argent on a chief wavy Or two eyes of the second irised of the first and pupiled sable,Ever Vigilant
5e5aef1f8201264f9db86005,House Florent of Brightwater Keep,The Reach,A red fox in a circle of blue flowers on ermine,
5e5aef1f8201264f9db86006,House Follard,The Crownlands,Gyronny gules and argent on a canton Or a fool's cap two peaked of the first and second,None so Wise
5e5aef1f8201264f9db86007,House Foote,The Westerlands,A copper dagger across a black chevron on a white field(Argent a chevron reversed sable surmounted by a dagger erect tenné),
5e5aef1f8201264f9db86008,House Foote of Nightsong,The Stormlands,,
5e5aef1f8201264f9db86009,House Footly of Tumbleton,The Reach,a field of silver caltrops on black,Tread Lightly Here
5e5aef1f8201264f9db8600a,House Forrester,The North,an ironwood tree outline with a sword outline drawn inside it pointing down. (Telltale),Iron from Ice (Telltale)
5e5aef1f8201264f9db8600b,House Fossoway of Cider Hall,The Reach,Or an apple gules,Taste of Glory
5e5aef1f8201264f9db8600c,House Fossoway of New Barrel,The Reach,Or an apple vert,
5e5aef1f8201264f9db8600d,House Fowler of Skyreach,Dorne,Argent a hooded hawk trussed azure,Let Me Soar
5e5aef1f8201264f9db8600e,House Frey of Riverrun,The Riverlands,,
5e5aef1f8201264f9db8600f,House Frey of the Crossing,The Riverlands,Two blue towers united by a bridge on a silver-grey field(Cendrée a bridge azure at either end a tower of the same),
5e5aef1f8201264f9db86010,House Frost,The North,,
5e5aef1f8201264f9db86011,House Gardener of Highgarden,The Reach,Argent a hand couped vert,
5e5aef1f8201264f9db86012,House Gargalen of Salt Shore,Dorne,Or a cockatrice gules in its beak a serpent sable,
5e5aef1f8201264f9db86013,House Garner,The Westerlands,Three grey owls upon white plates on a green field(Vert three plates each charged with an owl close affronté cendrée),
5e5aef1f8201264f9db86014,House Gaunt,The Crownlands,Purpure three lances palewise in fess between two flaunches sable,
5e5aef1f8201264f9db86015,House Glenmore,The North,,
5e5aef1f8201264f9db86016,House Glover of Deepwood Motte,The North,Gules a gauntlet argent,
5e5aef1f8201264f9db86017,House Goodbrook,The Riverlands,A blue wavy bend on a gold field(Or a bend wavy azure),
5e5aef1f8201264f9db86018,House Goodbrother of Corpse Lake,Iron Islands,,
5e5aef1f8201264f9db86019,House Goodbrother of Crow Spike Keep,Iron Islands,,
5e5aef1f8201264f9db8601a,House Goodbrother of Downdelving,Iron Islands,,
5e5aef1f8201264f9db8601b,House Goodbrother of Hammerhorn,Iron Islands,Gules a warhorn sable banded or.,
5e5aef1f8201264f9db8601c,House Goodbrother of Orkmont,Iron Islands,,
5e5aef1f8201264f9db8601d,House Goodbrother of Shatterstone,Iron Islands,,
5e5aef1f8201264f9db8601e,House Gower,The Stormlands,Nine yellow trefoils on a black cross on an ermine field(Ermine on a cross sable nine trefoils or),
5e5aef1f8201264f9db8601f,House Graceford of Holyhall,The Reach,Tenny on a pale wavy argent the Mother's face proper,Work Her Will
5e5aef1f8201264f9db86020,House Grafton of Gulltown,The Vale,A yellow tower burning on a black pile on a flame-red field(Gules on a pile sable a tower or with flames issuant from the battlements proper),
5e5aef1f8201264f9db86021,House Grandison of Grandview,The Stormlands,A black sleeping lion on a yellow field(Or a lion dormant sable),Rouse Me Not
5e5aef1f8201264f9db86022,House Graves,The Reach,Green and white gyronny a double-headed eagle counter-charged gold beak and talons,
5e5aef1f8201264f9db86023,House Greenfield of Greenfield,The Westerlands,A white double-tressure on a green field(Vert a double-tressure argent),
5e5aef1f8201264f9db86024,House Greengood,The Neck,,
5e5aef1f8201264f9db86025,House Greenwood,The North,,
5e5aef1f8201264f9db86026,House Grell,The Riverlands,Three red martlets on a white bend on a blue field(Azure on a bend argent three martlets gules),
5e5aef1f8201264f9db86027,House Grey,The Riverlands,,
5e5aef1f8201264f9db86028,House Greyiron of Orkmont,Iron Islands,The sea king's head white with dark green seaweed beard and hair a black crown on a grey field,
5e5aef1f8201264f9db86029,House Greyjoy of Pyke,Iron Islands,Sable a kraken Or,We Do Not Sow
5e5aef1f8201264f9db8602a,House Greystark of Wolf's Den,The North,,
5e5aef1f8201264f9db8602b,House Grimm of Greyshield,The Reach,An iron escutcheon with silver studs on a grey-green field strewn with longships proper,
5e5aef1f8201264f9db8602c,House Haigh,The Riverlands,A black pitchfork on a gold bend sinister on a russet field(Tenné on a bend sinister or a pitchfork sable),
5e5aef1f8201264f9db8602d,House Hamell,The Westerlands,An erminois maunch on a pink field with an erminois border(Carnation a maunch within a bordure erminois),
5e5aef1f8201264f9db8602e,House Harclay,The North,Azure on a bend argent a hurt between an increscent and decrescent of the first,
5e5aef1f8201264f9db8602f,House Hardy,The Crownlands,,
5e5aef1f8201264f9db86030,House Hardyng,The Vale,A field of red and white diamonds(Lozengy argent and gules),
5e5aef1f8201264f9db86031,House Harlaw of Grey Garden,Iron Islands,Quartered: a silver scythe on black a peacock on cream,
5e5aef1f8201264f9db86032,House Harlaw of Harlaw,Iron Islands,Sable a scythe argent,
5e5aef1f8201264f9db86033,House Harlaw of Harlaw Hall,Iron Islands,Per bend black and silver two scythes counterchanged,
5e5aef1f8201264f9db86034,House Harlaw of Harridan Hill,Iron Islands,the Harlaw scythe on a pale blue field,
5e5aef1f8201264f9db86035,House Harlaw of the Tower of Glimmering,Iron Islands,The Harlaw scythe girdled within an embattled border.,
5e5aef1f8201264f9db86036,House Harlton,The Riverlands,A silver tree on green,
5e5aef1f8201264f9db86037,House Harroway of Harrenhal,The Riverlands,Per bend sinister orange and sable rayonné a castle counterchanged(Per bend sinister rayonné tenné and sable a castle counterchanged),
5e5aef1f8201264f9db86038,House Harte,The Crownlands,Three red hart's heads caboshed on a white bend on vair,
5e5aef1f8201264f9db86039,House Hastwyck,The Reach,Barry olive and ivory,None so Dutiful
5e5aef1f8201264f9db8603a,House Hasty,The Stormlands,A white bend cotised on a purple field(Purpure a bend cotised argent),
5e5aef1f8201264f9db8603b,House Hawick of Saltpans,The Riverlands,White seabirds strewn across a blue field(Azure semé of seabirds argent),
5e5aef1f8201264f9db8603c,House Hawthorne,The Westerlands,A ring of black thorns and a ring of pink flowers interlocked on a green field(Vert two interlocking annulets one composed of thorns sable the other of flowers carnation),
5e5aef1f8201264f9db8603d,House Hayford of Hayford,The Crownlands,Green fretty over gold a green pale wavy,
5e5aef1f8201264f9db8603e,House Heddle,The Riverlands,,
5e5aef1f8201264f9db8603f,House Herston,The Stormlands,A yellow rooster's head with red comb within a white escutcheon on a red field(Gules on an escutcheon argent a cock's head or combed and wattled of the field),
5e5aef1f8201264f9db86040,House Hersy of Newkeep,The Vale,A white winged chalice on a pink field(Carnation a winged cup displayed argent),
5e5aef1f8201264f9db86041,House Hetherspoon,The Westerlands,An oak spoon within a white cartouche on a field of orange and black diamonds(Lozengy tenné and sable on a cartouche argent a spoon or),
5e5aef1f8201264f9db86042,House Hewett of Oakenshield,The Reach,an oaken escutcheon studded with iron on a field bendy of undulating blue and white,
5e5aef1f8201264f9db86043,House Hightower of the Hightower,The Reach,Cendrée a tower argent with a beacon on fire gules,We Light the Way
5e5aef1f8201264f9db86044,House Hoare of Orkmont,Iron Islands,Per saltire two heavy silver chains crossing between a gold longship on a black field a dark green pine on a white field a cluster of red grapes on a gold field and a black raven flying in a blue sky.,
5e5aef1f8201264f9db86045,House Hogg of Sow's Horn,The Crownlands,,
5e5aef1f8201264f9db86046,House Hollard,The Crownlands,Barry gules and carnation a chief azure with three crowns Or,
5e5aef1f8201264f9db86047,House Holt,Dorne,,
5e5aef1f8201264f9db86048,House Holt,The North,,
5e5aef1f8201264f9db86049,House Hook,The Riverlands,,
5e5aef1f8201264f9db8604a,House Hornwood of Hornwood,The North,Tenny a bull moose trippant proper,Righteous in Wrath
5e5aef1f8201264f9db8604b,House Horpe,The Stormlands,Per chevron engrailed grey and bone three death's head moths counterchanged(Per chevron reversed engrailed cendrée and argent three death's head moths counterchanged),
5e5aef1f8201264f9db8604c,House Hull,Dorne,,
5e5aef1f8201264f9db8604d,House Humble,Iron Islands,,
5e5aef1f8201264f9db8604e,House Hunt,The Reach,Argent a deer bound and slung on a pole fesswise tenny,
5e5aef1f8201264f9db8604f,House Hunter of Longbow Hall,The Vale,Five silver arrows fanned on a brown field(Tenné a sheaf of five arrows points to chief argent),
5e5aef1f8201264f9db86050,House Hutcheson,The Reach,Or two bendlets between in base dexter a hand pointing to chief sinister and in chief sinister a sun in splendour gules,
5e5aef1f8201264f9db86051,House Inchfield,The Reach,Cendrée a bend sinister chequy sable and argent,
5e5aef1f8201264f9db86052,House Ironmaker,Iron Islands,,
5e5aef1f8201264f9db86053,House Ironsmith,The North,Or a sword palewise between four horseshoes sable all within a bordure vert,
5e5aef1f8201264f9db86054,House Jast,The Westerlands,An inverted yellow pall between three yellow lions' heads on a black field(Sable a pall reversed between three lions' heads erased or),
5e5aef1f8201264f9db86055,House Jordayne of the Tor,Dorne,Chequy light and dark green a quill or.,Let it be Written
5e5aef1f8201264f9db86056,House Justman,The Riverlands,Golden scales within a blue a double tressure on a white field(Argent a pair of balances or within a double-tressure azure),
5e5aef1f8201264f9db86057,House Karstark of Karhold,The North,Sable a sunburst argent,The Sun of Winter
5e5aef1f8201264f9db86058,House Keath,The Riverlands,Quarterly of nine; a white fish on a grey field; a gold fish hook on a white field(Quarterly of nine first third fifth seventh and ninth cendrée a fish argent; second fourth sixth and eight argent a fish-hook or),
5e5aef1f8201264f9db86059,House Kellington,The Stormlands,A black book bound in bronze locked on a pale blue field(Azure a locked book sable edged and garnished tenné),
5e5aef1f8201264f9db8605a,House Kenning of Harlaw,Iron Islands,Sable issuant from a cloud bank in chief the Storm God's hand cendrée with lightning flashing from its fingertip Or,
5e5aef1f8201264f9db8605b,House Kenning of Kayce,The Westerlands,Four sunbursts counterchanged on a quartered orange and black field(Quarterly tenné and sable four suns-in-splendour counterchanged),
5e5aef1f8201264f9db8605c,House Kettleblack,The Crownlands,Gules a kettle within an orle sable,
5e5aef1f8201264f9db8605d,House Kidwell of Ivy Hall,The Reach,Cendrée masoned sable semy of ivy leaves vert,
5e5aef1f8201264f9db8605e,House Knott,The North,Argent a saltire surmounted by a fret tenny,
5e5aef1f8201264f9db8605f,House Kyndall,The Westerlands,,
5e5aef1f8201264f9db86060,House Ladybright,Dorne,,
5e5aef1f8201264f9db86061,House Lake,Dorne,, 
5e5aef1f8201264f9db86062,House Lake,The North,Tenny seven pommes arranged 2-2-2-1,
5e5aef1f8201264f9db86063,House Langward,The Crownlands,Per fess undy: A crown of white stars on burgundy above black,
5e5aef1f8201264f9db86064,House Lannett,The Westerlands,,
5e5aef1f8201264f9db86065,House Lannister of Casterly Rock,The Westerlands,A gold lion on a crimson field(Gules a lion or),Hear Me Roar!
5e5aef1f8201264f9db86066,House Lannister of Darry,The Riverlands,Quarterly a gold lion on a red field; a black plowman on a brown field(Quarterly first and fourth gules a lion rampant or (for Lannister) second and third tenné a plowman sable (for Darry)),
5e5aef1f8201264f9db86067,House Lannister of Lannisport,The Westerlands,,
5e5aef1f8201264f9db86068,House Lanny,The Westerlands,,
5e5aef1f8201264f9db86069,House Lantell,The Westerlands,,
5e5aef1f8201264f9db8606a,House Lefford of the Golden Tooth,The Westerlands,A golden inverted pile on a sky-blue field a yellow sun in the first(Bleu celeste a pile reversed or in canton a sun-in-splendor of the same),
5e5aef1f8201264f9db8606b,House Leygood,The Reach,Tenny three thunderbolts in fess sable,
5e5aef1f8201264f9db8606c,House Liddle,The North,Per pale argent and vert a fir tree line between three brown pinecones on the argent,
5e5aef1f8201264f9db8606d,House Lightfoot,The North,Tenny a trail of footprints in bend sinister argent,
5e5aef1f8201264f9db8606e,House Lipps,The Vale,Two large pink lips on a dark blue field(Azure a pair of lips carnation),
5e5aef1f8201264f9db8606f,House Locke of Oldcastle,The North,Two bronze keys crossed on an argent pale on purpure.,
5e5aef1f8201264f9db86070,House Lolliston,The Riverlands,Three oaken barrels on a white field(Argent three oaken barrels proper),
5e5aef1f8201264f9db86071,House Long,The North,,
5e5aef1f8201264f9db86072,House Longthorpe of Longsister,The Vale,,
5e5aef1f8201264f9db86073,House Longwaters,The Crownlands,,
5e5aef1f8201264f9db86074,House Lonmouth,The Stormlands,Quartered of six: red lips strewn on a yellow field yellow skulls strewn on a black field(Quarterly of six first third and fifth or semé of lips gules second fourth and sixth sable semé of skulls of the first),The Choice is Yours
5e5aef1f8201264f9db86075,House Lorch,The Westerlands,A black manticore on a white field beneath a crimson chief with three gold coins(Argent a manticore passant sable on a chief gules three bezants),
5e5aef1f8201264f9db86076,House Lothston of Harrenhal,The Riverlands,"A black bat on a field per bend silver and gold(Per bend argent and or a bat displayed sable"")",
5e5aef1f8201264f9db86077,House Lowther,The Reach,A silver dolphin on a blue-green field,
5e5aef1f8201264f9db86078,House Lyberr,The Reach,Per bend sinister: a grey cat's face on black a brown jug on white,
5e5aef1f8201264f9db86079,House Lychester,The Riverlands,A black talon on an orange and white gyronny field(Gyronny tenné and argent an eagle's leg erased sable),
5e5aef1f8201264f9db8607a,House Lydden of Deep Den,The Westerlands,A white badger on a per pale green and brown field(Per pale vert and tenné a badger passant argent),
5e5aef1f8201264f9db8607b,House Lynderly of the Snakewood,The Vale,A black field strewn with green vipers(Sable semé of snakes vert),
5e5aef1f8201264f9db8607c,House Magnar of Kingshouse,The North,Argent a lobster vert holding a harpoon sable,
5e5aef1f8201264f9db8607d,House Mallery,The Crownlands,Purpure six mullets argent,
5e5aef1f8201264f9db8607e,House Mallister of Seagard,The Riverlands,A silver eagle displayed on an indigo field(Purpure an eagle displayed argent),Above the Rest
5e5aef1f8201264f9db8607f,House Manderly of White Harbor,The North,A white merman with dark green hair beard and tail carrying a black trident on a blue-green field,
5e5aef1f8201264f9db86080,House Manning,The Crownlands,A red sea lion between two black pallets on white,
5e5aef1f8201264f9db86081,House Manwoody of Kingsgrave,Dorne,Sable a skull argent crowned or.,
5e5aef1f8201264f9db86082,House Marbrand of Ashemark,The Westerlands,An orange burning tree on a smoky field(Cendrée a tree in flame tenné),Burning bright
5e5aef1f8201264f9db86083,House Marsh,The North,Or ten frogs vert,
5e5aef1f8201264f9db86084,House Massey of Stonedance,The Crownlands,A triple spiral; red green and blue on white,
5e5aef1f8201264f9db86085,House Meadows of Grassy Vale,The Reach,a border of flowers of many colors and varieties on green,
5e5aef1f8201264f9db86086,House Melcolm of Old Anchor,The Vale,A rusty anchor on a turquoise field beneath yellow chief with three blue plates(Azure an anchor tenné on a chief or three hurts),
5e5aef1f8201264f9db86087,House Merlyn of Pebbleton,Iron Islands,Argent Twining waterspouts vert,
5e5aef1f8201264f9db86088,House Merryweather of Longtable,The Reach,White a cornucopia Or spilling foods proper within a bordure Or,Behold Our Bounty
5e5aef1f8201264f9db86089,House Mertyns of Mistwood,The Stormlands,A white great horned owl on a grey field(Cendrée a great-horned owl close affronté argent),
5e5aef1f8201264f9db8608a,House Middlebury,The Reach,Quarterly a black saltire on yellow green and white diamonds,
5e5aef1f8201264f9db8608b,House Mollen,The North,White upon a pile vert a snowy pine tree proper,
5e5aef1f8201264f9db8608c,House Moore,The Vale,Three bronze spearheads on a white field within a bronze embattled border(Argent three spearheads within a bordure embattled tenné),
5e5aef1f8201264f9db8608d,House Mooton of Maidenpool,The Riverlands,A red salmon within a gold tressure on a white field(Argent a salmon gules within a tressure or),Wisdom and Strength
5e5aef1f8201264f9db8608e,House Moreland,The Westerlands,Per pale barry russet and green(Per pale barry tenné and vert),
5e5aef1f8201264f9db8608f,House Mormont of Bear Island,The North,A wood vert a bear sable,Here We Stand
5e5aef1f8201264f9db86090,House Morrigen of Crow's Nest,The Stormlands,A black crow in flight on a storm-green field(Vert a crow volant sable),
5e5aef1f8201264f9db86091,House Moss,The North,A bend orange on vairy grey and green,
5e5aef1f8201264f9db86092,House Mudd of Oldstones,The Riverlands,A golden crown studded with emeralds on a red-brown field(Tenné an ancient crown or studded with emeralds vert),
5e5aef1f8201264f9db86093,House Mullendore of Uplands,The Reach,Black-and-orange butterflies on white,
5e5aef1f8201264f9db86094,House Musgood,The Stormlands,Quarterly: A golden pavilion on a blue field a green laurel crown on a white field(Quarterly first and fourth azure a pavilion or second and third argent a garland of laurel vert),
5e5aef1f8201264f9db86095,House Myatt,The Westerlands,A spotted yellow-and-black treecat on a mud-brown field(Tenné a treecat or pelleté),
5e5aef1f8201264f9db86096,House Myre of Harlaw,Iron Islands,10 nooses 4-3-2-1 black on white with a border of blood,
5e5aef1f8201264f9db86097,House Nayland of Hag's Mire,The Riverlands,,
5e5aef1f8201264f9db86098,House Netley,Iron Islands,,
5e5aef1f8201264f9db86099,House Norcross,The Reach,Argent a cross embattled sable,
5e5aef1f8201264f9db8609a,House Norrey,The North,Orsix thistles slipped vert,
5e5aef1f8201264f9db8609b,House Norridge,The Reach,Azure six arrows in bend sable heads flaming gules,
5e5aef1f8201264f9db8609c,House Nutt,The Riverlands,,
5e5aef1f8201264f9db8609d,House Nymeros Martell of Sunspear,Dorne,Tenny a sun in splendour gules transfixed by a spear bendwise Or,Unbowed Unbent Unbroken
5e5aef1f8201264f9db8609e,House Oakheart of Old Oak,The Reach,Or three oak leaves vert,Our Roots Go Deep
5e5aef1f8201264f9db8609f,House Oldflowers,The Reach,Vert ten hands couped argent surmounted by a bend sinister gules,
5e5aef1f8201264f9db860a0,House Orkwood of Orkmont,Iron Islands,Or semy of pines vert,
5e5aef1f8201264f9db860a1,House Orme,The Reach,Per fess sable and bendy Or and argent in chief three harps in fess of the seocnd,
5e5aef1f8201264f9db860a2,House Osgrey of Leafy Lake,The Reach,,
5e5aef1f8201264f9db860a3,House Osgrey of Standfast,The Reach,Argent a lion rampant chequy vert and or,
5e5aef1f8201264f9db860a4,House Overton,The North,Sable a fess chequy argent and Or,
5e5aef1f8201264f9db860a5,House Paege,The Riverlands,Twining red-and-white snakes on a black field(Sable two serpents argent and gules entwined palewise),
5e5aef1f8201264f9db860a6,House Parren,The Westerlands,Per saltire: burgundy and white stripes; a black lion's head on a gold field(Per saltire the first paly gules and argent the second or a lion's head erased sable),
5e5aef1f8201264f9db860a7,House Payne,The Westerlands,Gold coins in the checks of a checkered purple and white field(Chequy purpure and argent each chequer charged with a bezant),
5e5aef1f8201264f9db860a8,House Peake of Starpike,The Reach,Tenny three castles sable,
5e5aef1f8201264f9db860a9,House Peasebury of Poddingfield,The Stormlands,A green pea pod burst open on a white field bordered by three rows of green peas(Argent a pea pod open within a bordure of three rows of peas vert),
5e5aef1f8201264f9db860aa,House Peat,The Neck,,
5e5aef1f8201264f9db860ab,House Peckledon,The Westerlands,Ten purple stars on a yellow field(Or ten mullets 4 3 2 1 purpure),Unflinching
5e5aef1f8201264f9db860ac,House Penrose of Parchments,The Stormlands,White crossed quills on a russet field(Tenné two quills saltirewise argent),Set Down Our Deeds
5e5aef1f8201264f9db860ad,House Perryn,The Riverlands,,
5e5aef1f8201264f9db860ae,House Piper of Pinkmaiden,The Riverlands,A pink dancing maiden in a swirl of white silk on a blue field(Azure a maiden dancing proper enwrapped with silk argent),Brave and Beautiful
5e5aef1f8201264f9db860af,House Plumm,The Westerlands,Three purple roundels on a gold field(Or three golpes),Come Try Me
5e5aef1f8201264f9db860b0,House Pommingham,The Reach,A red pomegranate on white a double tressure red,
5e5aef1f8201264f9db860b1,House Poole,The North,White a roundel azure a tressure cendrée,
5e5aef1f8201264f9db860b2,House Prester of Feastfires,The Westerlands,A red ox on an ermine field(Ermine an ox passant gules),Tireless
5e5aef1f8201264f9db860b3,House Pryor of Pebble,The Vale,A partial eclipse black moon over yellow sun on a dusty pink field(Carnation a sun-in-splendour or surmounted by a moon in her complement sable),
5e5aef1f8201264f9db860b4,House Pyle,The Crownlands,A grey iron greathelm on white,
5e5aef1f8201264f9db860b5,House Pyne,The Crownlands,,
5e5aef1f8201264f9db860b6,House Qoherys of Harrenhal,The Riverlands,A flaming red and yellow saltire between four white skulls on a black field(Sable a saltire rayonné gules tipped or between four skulls argent),
5e5aef1f8201264f9db860b7,House Qorgyle of Sandstone,Dorne,Gules three scorpions sable.,
5e5aef1f8201264f9db860b8,House Quagg,The Neck,,
5e5aef1f8201264f9db860b9,House Rambton,The Crownlands,Gules a ram's head cabossed argent attired or,
5e5aef1f8201264f9db860ba,House Redbeard,Beyond the Wall,,
5e5aef1f8201264f9db860bb,House Redding,The Reach,Gules a flagon Or within a bordure chequy Or and argent,
5e5aef1f8201264f9db860bc,House Redfort of Redfort,The Vale,A red castle on a white field within a red embattled border(Argent a castle within a bordure embattled gules),As Strong as Stone
5e5aef1f8201264f9db860bd,House Redwyne of the Arbor,The Reach,Azure a grape cluster proper,
5e5aef1f8201264f9db860be,House Reed of Greywater Watch,The Neck,Vert a lizard-lion sable,
5e5aef1f8201264f9db860bf,House Reyne of Castamere,The Westerlands,A red lion rampant regardant with a forked tail with gold teeth and claws on a silver field(Argent a lion rampant regardant queue-fourché gules armed and langued or),
5e5aef1f8201264f9db860c0,House Rhysling,The Reach,An oaken door banded with iron in a grey stone doorway on black masonry,
5e5aef1f8201264f9db860c1,House Risley,The Reach,A black knight on a black rearing horse on white bearing a golden lance and a white shield upon which is seen the above in miniature,
5e5aef1f8201264f9db860c2,House Rogers of Amberly,The Stormlands,Nine silver unicorns around a silver maze on a black field(Sable a maze surrounded by an orle of nine unicorns rampant argent),
5e5aef1f8201264f9db860c3,House Rollingford,The Crownlands,Six roundels fountain 3-2-1 on grey,
5e5aef1f8201264f9db860c4,House Roote of Lord Harroway's Town,The Riverlands,A brown double-headed horse on a field of wavy green and green(Wavy vert and vert a two-headed horse tenné),
5e5aef1f8201264f9db860c5,House Rosby of Rosby,The Crownlands,Ermine three chevronels gules,
5e5aef1f8201264f9db860c6,House Rowan of Goldengrove,The Reach,Argent a tree eradicated,
5e5aef1f8201264f9db860c7,House Roxton of the Ring,The Reach,Bleu celeste per saltire a chain of rings Or,
5e5aef1f8201264f9db860c8,House Royce of Runestone,The Vale,Black iron studs on a bronze field bordered with runes(Tenné pelletée an orle of ancient runes sable),We Remember
5e5aef1f8201264f9db860c9,House Royce of the Gates of the Moon,The Vale,A black portcullis over a white crescent moon on a purple field bordered with runes on bronze(Purpure a moon increscent argent surmounted by a portcullis sable all within a bordure tenné charged with ancient runes of the third),
5e5aef1f8201264f9db860ca,House Ruthermont,The Vale,Five black starfish on a gold pale on a field of pean(Pean on a pale or five starfish sable),
5e5aef1f8201264f9db860cb,House Ruttiger,The Westerlands,An orange engrailed bend on a black field(Sable a bend tenné engrailed),
5e5aef1f8201264f9db860cc,House Ryder of the Rills,The North,,
5e5aef1f8201264f9db860cd,House Ryger of Willow Wood,The Riverlands,A green weeping willow on a white field(Argent a willow-tree vert),
5e5aef1f8201264f9db860ce,House Rykker of Duskendale,The Crownlands,Azure a cross saltire argent charged with two crossed warhammers sable,
5e5aef1f8201264f9db860cf,House Ryswell of the Rills,The North,Bronze a horse's head sable orbed and maned gules within a bordure engrailed sable,
5e5aef1f8201264f9db860d0,House Saltcliffe of Saltcliffe,Iron Islands,Argent a serpent nine-headed sable,
5e5aef1f8201264f9db860d1,House Santagar of Spottswood,Dorne,Per bend sinister azure and argent a leopard rampant Or spotted sable bearing an axe of the third,
5e5aef1f8201264f9db860d2,House Sarsfield of Sarsfield,The Westerlands,A green arrow on a white bend on a green field(Vert on a bend argent an arrow of the field point to dexter chief),True to the Mark
5e5aef1f8201264f9db860d3,House Sarwyck,The Westerlands,A broken silver sword on red,
5e5aef1f8201264f9db860d4,House Seaworth of Cape Wrath,The Stormlands,A black ship on a pale grey field with a white onion on its sails(Cendrée a ship sable its sail charged with an onion argent),
5e5aef1f8201264f9db860d5,House Selmy of Harvest Hall,The Stormlands,Three stalks of yellow wheat on a brown field(Tenné three stalks of wheat or),
5e5aef1f8201264f9db860d6,House Serrett of Silverhill,The Westerlands,A peacock in his pride on a cream field(Argent a peacock-in-his-pride proper),I Have No Rival
5e5aef1f8201264f9db860d7,House Serry of Southshield,The Reach,Argent an escutcheon gules charged with a rose of the first all within a bordure embattled of the second,
5e5aef1f8201264f9db860d8,House Sharp,Iron Islands,,
5e5aef1f8201264f9db860d9,House Shawney,The Riverlands,Per fesse a divided blue red green field above a white catfish on a black field below(Per fesse the first tierced in pale azure gules and vert the second sable a catfish argent),
5e5aef1f8201264f9db860da,House Shell,Dorne,,
5e5aef1f8201264f9db860db,House Shell,The Vale,,
5e5aef1f8201264f9db860dc,House Shepherd,Iron Islands,,
5e5aef1f8201264f9db860dd,House Shermer of Smithyton,The Reach,a field of copper nails on blue a copper border rayonne,
5e5aef1f8201264f9db860de,House Shett of Gull Tower,The Vale,Three golden wings bendwise on a checkered white and black field(Chequy argent and sable in bend three dexter wings elevated bendwise or),
5e5aef1f8201264f9db860df,House Shett of Gulltown,The Vale,Nine white seagulls on a field of brown(Tenné nine seagulls argent 3 3 2 1),
5e5aef1f8201264f9db860e0,House Slate of Blackpool,The North,Pale grey a double tressure white,
5e5aef1f8201264f9db860e1,House Sloane,The Reach,Per pale white stars strewn on indigo an orange sun on yellow,
5e5aef1f8201264f9db860e2,House Slynt of Harrenhal,None,A bloody gold spear on a black field within a checkered gold and black border(Sable a spear or tipped gules within a bordure chequy of the field and of the second),
5e5aef1f8201264f9db860e3,House Smallwood of Acorn Hall,The Riverlands,Six brown acorns on a yellow field(Or six acorns 3 2 1 tenné),From These Beginnings
5e5aef1f8201264f9db860e4,House Sparr of Great Wyk,Iron Islands,an oak saltire on blue,
5e5aef1f8201264f9db860e5,House Spicer of Castamere,The Westerlands,Three black pepperpots on a saffron bend across a field of green and silver stripes (Paly vert and argent three pepperpots sable on a bend tenné),
5e5aef1f8201264f9db860e6,House Stackhouse,The Reach,,
5e5aef1f8201264f9db860e7,House Stackspear,The Westerlands,Two crossed black spears on a checkered silver and gold field(Chequy argent and or two spears in saltire sable),
5e5aef1f8201264f9db860e8,House Staedmon of Broad Arch,The Stormlands,A black dagger piercing a red heart on a white de sang field within an undulating red border(Argent goutté-de-sang a heart gules transfixed by a dagger sable all within a bordure wavy of the second),
5e5aef1f8201264f9db860e9,House Stane of Driftwood Hall,The North,A driftwood tree bare and brown on pale green,
5e5aef1f8201264f9db860ea,House Stark of Winterfell,The North,A running grey direwolf on an ice-white field,Winter is Coming
5e5aef1f8201264f9db860eb,House Staunton of Rook's Rest,The Crownlands,two black wings upon a white fess on checkered black and grey,
5e5aef1f8201264f9db860ec,House Stokeworth of Stokeworth,The Crownlands,Vert a lamb couchant argent holding a goblet or,Proud to be Faithful
5e5aef1f8201264f9db860ed,House Stonehouse of Old Wyk,Iron Islands,a black brazier on a grey masonry field,
5e5aef1f8201264f9db860ee,House Stonetree of Harlaw,Iron Islands,A bare stone tree grey on black,
5e5aef1f8201264f9db860ef,House Stout of Goldgrass,The North,Chevronny tenné and Or,
5e5aef1f8201264f9db860f0,House Strong of Harrenhal,The Riverlands,A tripartite pale blue red and green on a white field(Argent a pale tierced per pale azure gules and vert),
5e5aef1f8201264f9db860f1,House Sunderland of the Three Sisters,The Vale,Three women's heads white with black hair on a barry wavy blue and green field(Barry wavy azure and vert three women's heads argents crined sable),
5e5aef1f8201264f9db860f2,House Sunderly of Saltcliffe,Iron Islands,A drowned man pink and pale floating upright in a blue-green sea,
5e5aef1f8201264f9db860f3,House Sunglass of Sweetport Sound,The Crownlands,Argent seven mullets of seven points or,
5e5aef1f8201264f9db860f4,House Swann of Stonehelm,The Stormlands,Battling swans black and white beaks and feet golden on per pale white and black field(Per pale argent and sable two swans combatant counterchanged beaked and membered or),
5e5aef1f8201264f9db860f5,House Swyft of Cornfield,The Westerlands,A blue bantam rooster on a yellow field(Or a cock close azure),Awake! Awake!
5e5aef1f8201264f9db860f6,House Swygert,The Stormlands,A white scroll with gold knobs on a purple field within a white tressure(Purpure a scroll argent knobbed or within a tressure of the second),Truth Conquers
5e5aef1f8201264f9db860f7,House Tallhart of Torrhen's Square,The North,Tenny three sentinel trees vert,Proud and Free
5e5aef1f8201264f9db860f8,House Tarbeck of Tarbeck Hall,The Westerlands,A seven-pointed star parts silver parts blue on a silver and blue field(Gyronny argent and azure a star of seven points counterchanged),
5e5aef1f8201264f9db860f9,House Targaryen of King's Landing,The Crownlands,Sable a dragon thrice-headed gules,Fire and Blood
5e5aef1f8201264f9db860fa,House Tarly of Horn Hill,The Reach,Vert a huntsman striding to dexter proper garbed gules,First in Battle
5e5aef1f8201264f9db860fb,House Tarth of Evenfall Hall,The Stormlands,Quartered yellow sun on a rose-coloured field and white crescents on a blue field(Quarterly first and fourth carnation a sun-in-splendour or second and third azure a moon increscent argent),
5e5aef1f8201264f9db860fc,House Tawney of Orkmont,Iron Islands,A scourge of nettles red and black on white,
5e5aef1f8201264f9db860fd,House Teague,The Riverlands,A golden trident upright between two golden flanches on a black field(Sable between two flaunches a trident erect or),
5e5aef1f8201264f9db860fe,House Terrick,The Riverlands,Per saltire purple and gold four hawks' heads countercharged(Per saltire purpure and or four hawks' heads counterchanged),
5e5aef1f8201264f9db860ff,House Thenn,The North,Argent a sun in splendour gules,
5e5aef1f8201264f9db86100,House Thorne,The Crownlands,Gules a flail argent within an bordure rayonne sable,
5e5aef1f8201264f9db86101,House Toland of Ghost Hill,Dorne,Or a dragon biting its tail vert,
5e5aef1f8201264f9db86102,House Tollett of the Grey Glen,The Vale,Pily grey and black(Pily cendrée and sable),When All is Darkest
5e5aef1f8201264f9db86103,House Torrent of Littlesister,The Vale,,
5e5aef1f8201264f9db86104,House Towers,The North,,
5e5aef1f8201264f9db86105,House Towers of Harrenhal,The Riverlands,Five black towers within a red and black double tressure on a white field(Argent five towers sable within a double-tressure the outer gules and the inner of the second),
5e5aef1f8201264f9db86106,House Toyne,The Stormlands,A black winged heart on a gold field within a black embattled borderOr a winged heart within a bordure embattled sable),Fly High Fly Far
5e5aef1f8201264f9db86107,House Trant of Gallowsgrey,The Stormlands,A black hanged man on a blue field(Azure a hanged man sable),So End Our Foes
5e5aef1f8201264f9db86108,House Tudbury,The Stormlands,A brown tortoise within a yellow lozenge on a green field(Vert on a lozenge or a tortoise tergiant tenné),
5e5aef1f8201264f9db86109,House Tully of Riverrun,The Riverlands,A leaping silver trout on a field of blue and mud red(Paly wavy azure and gules a trout embowed argent),Family Duty Honor
5e5aef1f8201264f9db8610a,House Turnberry,The Westerlands,Nine strawberries on a white saltire on a field of green and red vairy in point(Vairy-in-point vert and gules on a saltire argent nine strawberries of the second),
5e5aef1f8201264f9db8610b,House Tyrell of Brightwater Keep,The Reach,,
5e5aef1f8201264f9db8610c,House Tyrell of Highgarden,The Reach,Vert a rose Or,Growing Strong
5e5aef1f8201264f9db8610d,House Uffering,The Reach,Paly tenné and cendrée upon a chief argent seven hands couped vert,
5e5aef1f8201264f9db8610e,House Uller of Hellholt,Dorne,per fess rayonny Or and gules,
5e5aef1f8201264f9db8610f,House Umber of the Last Hearth,The North,Gules a roaring giant proper with shattered chains argent,
5e5aef1f8201264f9db86110,House Upcliff,The Vale,A cresting sea-green wave on a black field(Sable a wave cresting vert),
5e5aef1f8201264f9db86111,House Vaith of the Red Dunes,Dorne,Tenny on a pile Or three leopards statant sable,
5e5aef1f8201264f9db86112,House Vance of Atranta,The Riverlands,Quartered a green dragon on a white field and a white tower on a black field(Quarterly first and fourth argent a dragon vert second and third sable a tower argent),
5e5aef1f8201264f9db86113,House Vance of Wayfarer's Rest,The Riverlands,Quartered a black dragon on a white field and two golden eyes in a golden ring on a black field(Quarterly first and fourth argent a dragon sable second and third sable a pair of eyes within an annulet or),
5e5aef1f8201264f9db86114,House Varner,The Reach,Ermines a weasel argent,
5e5aef1f8201264f9db86115,House Velaryon of Driftmark,The Crownlands,seahorse rampant argent on sea green,The Old the True the Brave
5e5aef1f8201264f9db86116,House Vikary,The Westerlands,Quarterly: a red boar's head on a white field; beneath a gold bend sinister a silver lion rampant regardant with a forked tail with gold teeth and claws on a red field.,
5e5aef1f8201264f9db86117,House Volmark,Iron Islands,Cendrée a leviathan sable,
5e5aef1f8201264f9db86118,House Vyrwel of Darkdell,The Reach,a silver wyvern within a red double tressure on sable,
5e5aef1f8201264f9db86119,House Wade,Dorne,,
5e5aef1f8201264f9db8611a,House Wagstaff,The Stormlands,Five yellow mascles on a green field(Vert five mascles in fess or),
5e5aef1f8201264f9db8611b,House Waterman,The North,Argent two oars saltirewise tenny between as many flaunces azure,
5e5aef1f8201264f9db8611c,House Waxley of Wickenden,The Vale,Three candles white with red flames within silver candle holders on a grey field within a black border(Cendrée three candles in holders argent flamed gules within a bordure sable),Light in Darkness
5e5aef1f8201264f9db8611d,House Wayn,The Riverlands,Four wheels counterchanged on a quartered blue and white field(Quarterly azure and argent four wheels counterchanged),
5e5aef1f8201264f9db8611e,House Waynwood of Ironoaks,The Vale,A broken black wheel on a green field(Vert a wheel broken sable),
5e5aef1f8201264f9db8611f,House Weaver,Iron Islands,,
5e5aef1f8201264f9db86120,House Webber of Coldmoat,The Reach,Sable a cobweb argent thereon a spider gules,
5e5aef1f8201264f9db86121,House Wells,Dorne,,
5e5aef1f8201264f9db86122,House Wells,The North,Per fess cendrée and lozengy argent and vert in chief five pellets,
5e5aef1f8201264f9db86123,House Wendwater,The Crownlands,A green engrailed pall inverted on white dividing three trees green red and bare,For All Seasons
5e5aef1f8201264f9db86124,House Wensington,The Stormlands,Two golden trumpets crossed on a blue field beneath a gold chief with three black stags(Azure two trumpets saltirewise or on a chief of the second three stags salient sable),Sound The Charge
5e5aef1f8201264f9db86125,House Westbrook,The Reach,Two green bars gemmel on gold,
5e5aef1f8201264f9db86126,House Westerling of the Crag,The Westerlands,Six white shells on a sand-coloured field(Or six escallops argent),Honor Not Honors
5e5aef1f8201264f9db86127,House Westford,The Westerlands,A black dog on blue,
5e5aef1f8201264f9db86128,House Whent of Harrenhal,The Riverlands,Nine black bats on a yellow field(Or nine bats 4 3 2 displayed sable),
5e5aef1f8201264f9db86129,House Whitehill,The North,A white pile inverted on indigo an arch of 4-pointed stars above,
5e5aef1f8201264f9db8612a,House Willum,The Reach,three silver longswords crossed on black beneath a dragonbone skeleton on a white chief,
5e5aef1f8201264f9db8612b,House Wode,The Riverlands,Three white hedgehogs on a yellow field(Or three hedgehogs argent),Touch Me Not
5e5aef1f8201264f9db8612c,House Woodfoot of Bear Island,The North,,
5e5aef1f8201264f9db8612d,House Woods,The North,,
5e5aef1f8201264f9db8612e,House Woodwright,The Reach,A red pall on a field of oak,
5e5aef1f8201264f9db8612f,House Woolfield,The North,Three woolsacks white on purple a white border,
5e5aef1f8201264f9db86130,House Wull,The North,Azure three wooden buckets tenné a bordure chequy cendrée and white,
5e5aef1f8201264f9db86131,House Wydman,The Vale,Five splintered lances 3 2 striped blue and white with blue pennons on a yellow field beneath a white chief bearing a red castle a green viper a black broken wheel a purple unicorn and a yellow lion.,Right Conquers Might
5e5aef1f8201264f9db86132,House Wyl of the Boneway,Dorne,A black adder biting a heel on yellow,
5e5aef1f8201264f9db86133,House Wylde of Rain House,The Stormlands,A blue-green maelstrom on a gold field(Or a maelstrom azure),
5e5aef1f8201264f9db86134,House Wynch of Iron Holt,Iron Islands,a bloody moon on purple,
5e5aef1f8201264f9db86135,House Wythers,The Reach,a grey squirrel on white with red border,
5e5aef1f8201264f9db86136,House Yarwyck,The Westerlands,Two bronze halberds crossed between four red diamonds on a white field(Argent two halberds saltirewise tenné hafted sable between four lozenges gules),
5e5aef1f8201264f9db86137,House Yelshire,The Reach,Barry vert and Or on a chief sable a battering-ram proper headed Or,
5e5aef1f8201264f9db86138,House Yew,The Westerlands,A golden longbow between two crimson flaunches on a white field(Argent a longbow or between two flaunches gules),
5e5aef1f8201264f9db86139,House Yronwood of Yronwood,Dorne,Or a portcullis sable,We Guard the Way
